movieId,poster
1,"https://m.media-amazon.com/images/M/MV5BZmUzOWFiNDAtNGRmZi00NTIxLWJiMTUtYzhkZGRlNzg1ZjFmXkEyXkFqcGdeQXVyNDE5MTU2MDE@._V1_UY268_CR1,0,182,268_AL_.jpg"
2,"https://m.media-amazon.com/images/M/MV5BZDI4ZDgwMWQtMjA3ZS00NmU5LTk5MGQtZTMyMGFlMjYyZmFlXkEyXkFqcGdeQXVyNTIzOTk5ODM@._V1_UY268_CR24,0,182,268_AL_.jpg"
3,"https://m.media-amazon.com/images/M/MV5BNGRkODFmNjYtYjU2Yy00YTI1LWFlYzgtNGE0YTdmNjI0ZDk0XkEyXkFqcGdeQXVyNDk0MDg4NDk@._V1_UX182_CR0,0,182,268_AL_.jpg"
4,"https://m.media-amazon.com/images/M/MV5BOGI5NjI1NjMtMjg4Mi00YTQyLThkYjgtNTI1YjlhNzZkOTZmXkEyXkFqcGdeQXVyNTIzOTk5ODM@._V1_UY268_CR16,0,182,268_AL_.jpg"
5,"https://m.media-amazon.com/images/M/MV5BNDg0ZDg0YWYtYzMwYi00ZjVlLWI5YzUtNzBkNjlhZWM5ODk5XkEyXkFqcGdeQXVyNDk0MDg4NDk@._V1_UY268_CR87,0,182,268_AL_.jpg"
6,"https://m.media-amazon.com/images/M/MV5BZjNlZTI1NjYtNjVkZi00MDBlLThjMDQtY2Q2NDZiZjllYmE3XkEyXkFqcGdeQXVyNzg5OTk2OA@@._V1_UY268_CR77,0,182,268_AL_.jpg"
7,"https://m.media-amazon.com/images/M/MV5BODA4ZTI3NWYtNzAyYi00Yjc5LTk0NDUtZWIzNzQzYzdkODgyXkEyXkFqcGdeQXVyNTM3MDMyMDQ@._V1_UY268_CR9,0,182,268_AL_.jpg"
8,"https://m.media-amazon.com/images/M/MV5BNzFkN2JkNjEtZDZhNi00NmVmLTg4YWUtOGMzZWQ4NzFmZWI0XkEyXkFqcGdeQXVyMDEyNzY3OA@@._V1_UY268_CR85,0,182,268_AL_.jpg"
9,"https://m.media-amazon.com/images/M/MV5BNjA5Y2ZhYzctNDc1Yy00OGViLWI3NGUtOTYwZmE3NDFiYmIxXkEyXkFqcGdeQXVyNTIzOTk5ODM@._V1_UY268_CR72,0,182,268_AL_.jpg"
10,"https://m.media-amazon.com/images/M/MV5BOGUxOWUxZjMtZWUzZS00NTM0LTgzY2ItNTU2ZWY2NDNmNjE0XkEyXkFqcGdeQXVyODgzNDIwODA@._V1_UY268_CR87,0,182,268_AL_.jpg"
11,"https://m.media-amazon.com/images/M/MV5BNDhhMDVhMjUtYjA3MS00NjVhLWI3MTYtZjM5NjMyNDdjNjI0XkEyXkFqcGdeQXVyNTIzOTk5ODM@._V1_UY268_CR87,0,182,268_AL_.jpg"
12,"https://m.media-amazon.com/images/M/MV5BZjE2MGVkMTAtMWIwYy00YzQ5LWE2YTAtMTU2NGJmNGNjY2IyXkEyXkFqcGdeQXVyNjMxMzM3NDI@._V1_UX182_CR0,0,182,268_AL_.jpg"
13,"https://m.media-amazon.com/images/M/MV5BOWFmNDcxOWEtNzI1OC00OGRhLWIzYjYtMmM3YmMxY2VmOTI1XkEyXkFqcGdeQXVyNzg5OTk2OA@@._V1_UY268_CR76,0,182,268_AL_.jpg"
14,"https://m.media-amazon.com/images/M/MV5BNGNjMDkzNDAtOGI1NS00MGIyLWFkZjgtYWNkYzhlZWYwMmIzXkEyXkFqcGdeQXVyNzMzMjU5NDY@._V1_UX182_CR0,0,182,268_AL_.jpg"
15,"https://m.media-amazon.com/images/M/MV5BMGFjNWM4N2ItM2QyNy00YWRmLTgzMzItMjc0N2RjMjdlODdhXkEyXkFqcGdeQXVyMzQ5MjE2ODI@._V1_UY268_CR73,0,182,268_AL_.jpg"
16,"https://m.media-amazon.com/images/M/MV5BOTU5YzI1MWEtMmZmZS00N2U2LThiODktODM1NDQwZTZkNDE1XkEyXkFqcGdeQXVyNzg5OTk2OA@@._V1_UX182_CR0,0,182,268_AL_.jpg"
17,"https://m.media-amazon.com/images/M/MV5BMmQ5NTVhODgtZTVmZS00ZjhjLWE0YWYtMTk5M2U0ZGFhNjZmXkEyXkFqcGdeQXVyNTIzOTk5ODM@._V1_UY268_CR99,0,182,268_AL_.jpg"
18,"https://m.media-amazon.com/images/M/MV5BMGI3NDY2NmUtZmYwNi00OThhLWFhZWUtNmNiMTU3NzJmYmVkXkEyXkFqcGdeQXVyNzg5OTk2OA@@._V1_UY268_CR95,0,182,268_AL_.jpg"
19,
20,"https://m.media-amazon.com/images/M/MV5BODBkMmI0NDMtM2Y0Zi00YTU1LWJiODktZTJlYTkxNjA5ZWU0XkEyXkFqcGdeQXVyNTIzOTk5ODM@._V1_UY268_CR87,0,182,268_AL_.jpg"
21,"https://m.media-amazon.com/images/M/MV5BOWFmNDcxOWEtNzI1OC00OGRhLWIzYjYtMmM3YmMxY2VmOTI1XkEyXkFqcGdeQXVyNzg5OTk2OA@@._V1_UY268_CR76,0,182,268_AL_.jpg"
22,"https://m.media-amazon.com/images/M/MV5BNTU3ZjQ4ZmUtNDlmOC00YWM1LTg0MDUtMTBkOGYwMGYwZjdlXkEyXkFqcGdeQXVyNzg5OTk2OA@@._V1_UX182_CR0,0,182,268_AL_.jpg"
23,"https://m.media-amazon.com/images/M/MV5BODBiN2QxZjktZmMwZi00NWY3LWI0NjktZmE5MzUwMzIyZDNjXkEyXkFqcGdeQXVyNzg5OTk2OA@@._V1_UX182_CR0,0,182,268_AL_.jpg"
24,"https://m.media-amazon.com/images/M/MV5BNWNhYTg2M2EtYjQ2Ni00ZGEzLTkxNTctZDBkNWZjMDA5YTEzXkEyXkFqcGdeQXVyNTIzOTk5ODM@._V1_UY268_CR80,0,182,268_AL_.jpg"
25,"https://m.media-amazon.com/images/M/MV5BOGFiZjVkYmYtYjkwZC00NWY0LWI0MGItYWYyNzNlMDNlN2Y2XkEyXkFqcGdeQXVyNzg5OTk2OA@@._V1_UY268_CR99,0,182,268_AL_.jpg"
26,"https://m.media-amazon.com/images/M/MV5BNGI0OTA4ODItMTE2My00OTNkLTk2MjYtZTcwZjRkOWVmMWU5XkEyXkFqcGdeQXVyNDE5MTU2MDE@._V1_UY268_CR1,0,182,268_AL_.jpg"
27,"https://m.media-amazon.com/images/M/MV5BNmZlNjdmMDUtNzY4ZC00Nzc3LTg0NDQtNmU2YjM3NTc4NmJjXkEyXkFqcGdeQXVyNzg5OTk2OA@@._V1_UY268_CR11,0,182,268_AL_.jpg"
28,"https://m.media-amazon.com/images/M/MV5BYTNkN2I5MGUtMWVmOS00OWE5LWE4ZDMtZjE1NjJiODJkNDc5L2ltYWdlL2ltYWdlXkEyXkFqcGdeQXVyNzg5OTk2OA@@._V1_UX182_CR0,0,182,268_AL_.jpg"
29,"https://m.media-amazon.com/images/M/MV5BM2Q0ZDhkM2EtODFlOC00NzRiLWJhMmYtMmI0ZWQ0ZTdmMzBmXkEyXkFqcGdeQXVyNDE5MTU2MDE@._V1_UY268_CR1,0,182,268_AL_.jpg"
30,"https://m.media-amazon.com/images/M/MV5BOWFhNTM4MmYtMTBjZi00MWMyLWEyMjYtNjAwODcyM2U2NzM1XkEyXkFqcGdeQXVyNTM3MDMyMDQ@._V1_UY268_CR9,0,182,268_AL_.jpg"
31,"https://m.media-amazon.com/images/M/MV5BOGFiZDkxODAtMzZlYy00YzE4LTk2MzAtZmE1MzYyODliYjUyXkEyXkFqcGdeQXVyNzg5OTk2OA@@._V1_UY268_CR87,0,182,268_AL_.jpg"
32,"https://m.media-amazon.com/images/M/MV5BYzEzMGUyNjQtNTRjZC00OGY1LThmMTYtM2UwM2Q0ZWM3NzE2XkEyXkFqcGdeQXVyNzg5OTk2OA@@._V1_UX182_CR0,0,182,268_AL_.jpg"
34,"https://m.media-amazon.com/images/M/MV5BMmY0MThkYmItNjE4Yy00MjdmLTlkZmQtY2VlNDljMmE5ZDY4XkEyXkFqcGdeQXVyNTI2NTY2MDI@._V1_UY268_CR10,0,182,268_AL_.jpg"
36,"https://m.media-amazon.com/images/M/MV5BZWM1OGIxYzYtMzI1ZC00NDZmLWEzNmMtOTc2Y2JjNTQ0NDAyL2ltYWdlL2ltYWdlXkEyXkFqcGdeQXVyNzg5OTk2OA@@._V1_UY268_CR9,0,182,268_AL_.jpg"
38,"https://m.media-amazon.com/images/M/MV5BMTU1Y2QxMWMtOGE2Ny00MWE5LWI2YTctOWU2MTQxNThhMzUzXkEyXkFqcGdeQXVyNzg5OTk2OA@@._V1_UY268_CR87,0,182,268_AL_.jpg"
39,
40,"https://m.media-amazon.com/images/M/MV5BZTA1MTFhMTYtMmE3Mi00ZjQzLTkxOGQtNTEzZTk4NDZkOTIzXkEyXkFqcGdeQXVyNTI2NTY2MDI@._V1_UY268_CR10,0,182,268_AL_.jpg"
41,"https://m.media-amazon.com/images/M/MV5BZmNlZGU4MDMtNmQzNS00ZGNlLWEzZjctZTUwNjRhZDc5NDllXkEyXkFqcGdeQXVyNDk0MDg4NDk@._V1_UY268_CR87,0,182,268_AL_.jpg"
42,"https://m.media-amazon.com/images/M/MV5BYjgwMjI3YzktNGZlNC00NmFlLWE0MzUtOGFjN2I3MmNiMjUzXkEyXkFqcGdeQXVyNTI2NTY2MDI@._V1_UY268_CR10,0,182,268_AL_.jpg"
43,"https://m.media-amazon.com/images/M/MV5BNmY5MmI4MzEtOWUwNS00MzI0LWI2MzAtYjY2YTc3ZGRkNWMwXkEyXkFqcGdeQXVyNTI2NTY2MDI@._V1_UY268_CR10,0,182,268_AL_.jpg"
44,"https://m.media-amazon.com/images/M/MV5BZjViODAyMjktNTRkOC00NDk1LTllZWUtOWM4ZjY3ZDBhODNkXkEyXkFqcGdeQXVyNTI2NTY2MDI@._V1_UY268_CR10,0,182,268_AL_.jpg"
45,"https://m.media-amazon.com/images/M/MV5BNzBjZjI4YjYtNGIyOC00ZDQyLTg0OTctN2U2YmUyMjJiZTQzXkEyXkFqcGdeQXVyNTI2NTY2MDI@._V1_UY268_CR10,0,182,268_AL_.jpg"
46,"https://m.media-amazon.com/images/M/MV5BZWM2N2MzMGMtNzNkNi00OTc2LTg5NDQtNWViNTA2MGIwNmFhXkEyXkFqcGdeQXVyNTI2NTY2MDI@._V1_UY268_CR10,0,182,268_AL_.jpg"
47,"https://m.media-amazon.com/images/M/MV5BYTU4MDhhNDAtNDNhOS00ZjRiLTk4OTQtOWQwNTkwN2I2MGNlXkEyXkFqcGdeQXVyNTI2NTY2MDI@._V1_UY268_CR10,0,182,268_AL_.jpg"
48,"https://m.media-amazon.com/images/M/MV5BYWExYWNmNzQtODQwNS00OTcxLTk4NDMtYjBhNDQ0ZDJjZWJhXkEyXkFqcGdeQXVyNTIzOTk5ODM@._V1_UY268_CR147,0,182,268_AL_.jpg"
49,"https://m.media-amazon.com/images/M/MV5BNjQ0YzQwYjctMTljYi00MzhmLTliMGUtMTY2NzE3MjgzYzYzXkEyXkFqcGdeQXVyNTIzOTk5ODM@._V1_UY268_CR147,0,182,268_AL_.jpg"
50,"https://m.media-amazon.com/images/M/MV5BYjBjMDRjYmEtODFiNy00NjJhLTk0ZjktMDQ3NmVkNDRmMzc2XkEyXkFqcGdeQXVyNTI2NTY2MDI@._V1_UY268_CR10,0,182,268_AL_.jpg"
52,"https://m.media-amazon.com/images/M/MV5BMzAwYjlhYWEtNjcwOC00MmE4LWE4ZTAtZGVmMjNmOWMwYmYxXkEyXkFqcGdeQXVyNTIzOTk5ODM@._V1_UY268_CR106,0,182,268_AL_.jpg"
53,
54,"https://m.media-amazon.com/images/M/MV5BZTdmZTMyMjEtODI3YS00ZWJlLWEwMWItYzFlYTc4OTc5MWZiXkEyXkFqcGdeQXVyNTI2NTY2MDI@._V1_UY268_CR10,0,182,268_AL_.jpg"
55,"https://m.media-amazon.com/images/M/MV5BNGYzOWFiZDQtNDllNS00NWZmLTljMjEtNDgxMzJkYzczYzY3XkEyXkFqcGdeQXVyNTI2NTY2MDI@._V1_UY268_CR10,0,182,268_AL_.jpg"
57,"https://m.media-amazon.com/images/M/MV5BOGQ2YTdhMjYtZTI5OS00MDljLWE0NDYtMmNjZjNiNjQ3N2I5XkEyXkFqcGdeQXVyNTI2NTY2MDI@._V1_UY268_CR10,0,182,268_AL_.jpg"
58,"https://m.media-amazon.com/images/M/MV5BNjcwNjY4NDgtODY3Yi00MmQ0LTk4YzktNWJkNTk0ZmEyMDMxXkEyXkFqcGdeQXVyNTI2NTY2MDI@._V1_UY268_CR10,0,182,268_AL_.jpg"
60,
61,
62,"https://m.media-amazon.com/images/M/MV5BMjdhODcyMDQtOGQzYy00YTk5LTlmMTAtYjE2NjkyYTZlZDc1XkEyXkFqcGdeQXVyNTI2NTY2MDI@._V1_UY268_CR10,0,182,268_AL_.jpg"
63,"https://m.media-amazon.com/images/M/MV5BNmQxNzJkNjctNDdhZi00NjliLTg0NTgtMmY4ODkzYmM3NTg4XkEyXkFqcGdeQXVyNTI2NTY2MDI@._V1_UY268_CR10,0,182,268_AL_.jpg"
64,"https://m.media-amazon.com/images/M/MV5BYjRiMWQ2ZTItNmY4MS00NzM0LTk1NmUtZTI4ODJmYzQwYjE4XkEyXkFqcGdeQXVyNTI2NTY2MDI@._V1_UY268_CR10,0,182,268_AL_.jpg"
65,"https://m.media-amazon.com/images/M/MV5BMTViMjU5NGUtNDM3Yy00ZGQ3LTk3YTktMWJmYWFmMjVjNTViXkEyXkFqcGdeQXVyNTI2NTY2MDI@._V1_UY268_CR10,0,182,268_AL_.jpg"
66,"https://m.media-amazon.com/images/M/MV5BZGUxMmJiZjEtMDdkNC00MGMzLWI3MTItOTJiYmNhOGM0Mjk5XkEyXkFqcGdeQXVyNTI2NTY2MDI@._V1_UY268_CR10,0,182,268_AL_.jpg"
68,"https://m.media-amazon.com/images/M/MV5BM2NjNDgwOTgtYTFjYS00ZDljLTgwNDktNjNmNzA3NWVkMzE5XkEyXkFqcGdeQXVyNTI2NTY2MDI@._V1_UY268_CR10,0,182,268_AL_.jpg"
69,"https://m.media-amazon.com/images/M/MV5BMTUxZmQzZjAtODM3NC00YWUyLWE2NmEtODAxODZmOGEzYzQwXkEyXkFqcGdeQXVyNDE5MTU2MDE@._V1_UY268_CR1,0,182,268_AL_.jpg"
70,"https://m.media-amazon.com/images/M/MV5BNGViNzJkZWYtYzYxNi00YTU3LTg4MWMtOGJmM2RmMGY2ZTU1XkEyXkFqcGdeQXVyNzQzNzQxNzI@._V1_UX182_CR0,0,182,268_AL_.jpg"
71,"https://m.media-amazon.com/images/M/MV5BMGEwNGFmZmQtYTQxYS00N2M0LWI1MmQtMTg1OGY3ZmQ1NDM0XkEyXkFqcGdeQXVyNTI2NTY2MDI@._V1_UY268_CR10,0,182,268_AL_.jpg"
72,"https://m.media-amazon.com/images/M/MV5BMzY1NDY3YjAtN2U0OS00NTdmLThmYjAtNzgwZGUxMDQzMzU0XkEyXkFqcGdeQXVyNTI2NTY2MDI@._V1_UY268_CR10,0,182,268_AL_.jpg"
73,"https://m.media-amazon.com/images/M/MV5BYjFjODlhY2MtZWVhMy00NzYwLWFmZWEtYTU0OGViMDRjMmYwXkEyXkFqcGdeQXVyNTI2NTY2MDI@._V1_UY268_CR10,0,182,268_AL_.jpg"
74,"https://m.media-amazon.com/images/M/MV5BNTYyNzdiYWQtYjNjNi00NmU0LWI5MDktY2NjMjA4NDQyNjk0XkEyXkFqcGdeQXVyNTI2NTY2MDI@._V1_UY268_CR10,0,182,268_AL_.jpg"
75,"https://m.media-amazon.com/images/M/MV5BNGRhNTcxMDMtYTMyMi00ZTIxLThiOWUtMTgwZDA2Njk4YTFjXkEyXkFqcGdeQXVyNDE5MTU2MDE@._V1_UY268_CR1,0,182,268_AL_.jpg"
76,"https://m.media-amazon.com/images/M/MV5BZGZkYTJhZmQtNTY0NC00OWI2LWIwODUtNTM2ZGQzZmE0ZjgxL2ltYWdlL2ltYWdlXkEyXkFqcGdeQXVyNDE4OTY5NzI@._V1_UY268_CR9,0,182,268_AL_.jpg"
77,"https://m.media-amazon.com/images/M/MV5BOGY0ZWRhYWYtYzMxYy00MmUyLTkxNmQtZjZhYWRhNDdlNzQ4XkEyXkFqcGdeQXVyNTI2NTY2MDI@._V1_UY268_CR10,0,182,268_AL_.jpg"
78,"https://m.media-amazon.com/images/M/MV5BMDEzMDU1NTMtOWEwYi00MGMxLTkzYzItYzdiYTcwNTdkNzhlXkEyXkFqcGdeQXVyNTIzOTk5ODM@._V1_UY268_CR95,0,182,268_AL_.jpg"
79,"https://m.media-amazon.com/images/M/MV5BOTUyYjgzNWYtOGY0OC00N2M5LWE3YTQtMjZlZGM4ZTg5M2I4XkEyXkFqcGdeQXVyNTI2NTY2MDI@._V1_UY268_CR10,0,182,268_AL_.jpg"
80,"https://m.media-amazon.com/images/M/MV5BZmFlZWZkZTUtMGZkZS00NjlkLWIxNGMtZWI2OWZhZmI3OTY0XkEyXkFqcGdeQXVyNTI2NTY2MDI@._V1_UY268_CR10,0,182,268_AL_.jpg"
81,"https://m.media-amazon.com/images/M/MV5BM2ZlYjA4NmItZTYxYy00MGFiLTg3MWUtNzZmYjE1ODZmMThjXkEyXkFqcGdeQXVyNTI2NTY2MDI@._V1_UY268_CR10,0,182,268_AL_.jpg"
82,"https://m.media-amazon.com/images/M/MV5BNDlkNzgyZjgtNGNkZS00YjU1LTgwNGQtZmE1MDNkODk3NDg2XkEyXkFqcGdeQXVyNzg5OTk2OA@@._V1_UY268_CR88,0,182,268_AL_.jpg"
83,"https://m.media-amazon.com/images/M/MV5BZTI1MmZjNzUtMzNhNy00ZmFjLTg4ZjMtY2Q5ZDZjN2JkYTRkXkEyXkFqcGdeQXVyNTI2NTY2MDI@._V1_UY268_CR10,0,182,268_AL_.jpg"
85,"https://m.media-amazon.com/images/M/MV5BNWQwODg2MjgtZTNiNy00MTY3LTg1NzItODdkZGE5Njk4Mzg2XkEyXkFqcGdeQXVyNTI2NTY2MDI@._V1_UY268_CR10,0,182,268_AL_.jpg"
86,"https://m.media-amazon.com/images/M/MV5BNzdmZjgzMmQtNWNmYS00NTIzLTkxYjctNmUxYmJlMDAzZDk4XkEyXkFqcGdeQXVyNTI2NTY2MDI@._V1_UY268_CR10,0,182,268_AL_.jpg"
87,"https://m.media-amazon.com/images/M/MV5BMzc0NzBiODgtZjM2NS00M2JlLWIyODItMmEwYzRlMTc0NjkxXkEyXkFqcGdeQXVyNTI2NTY2MDI@._V1_UY268_CR10,0,182,268_AL_.jpg"
88,"https://m.media-amazon.com/images/M/MV5BNzk2YWYyYTMtMTNjNC00ZDExLWI4NzItNmI5MDM1Y2UyNTVmXkEyXkFqcGdeQXVyNTI2NTY2MDI@._V1_UY268_CR10,0,182,268_AL_.jpg"
89,"https://m.media-amazon.com/images/M/MV5BMDU2YjNjMzAtNzZmMi00MWNiLTlkNjEtYzA3ZTcwYmJiOTBkXkEyXkFqcGdeQXVyMjMyMzI4MzY@._V1_UY268_CR85,0,182,268_AL_.jpg"
92,"https://m.media-amazon.com/images/M/MV5BOTFmMTU3YmMtMmVlMi00MmM1LTk5MTYtOGU5Yzk0NTAwNWJkXkEyXkFqcGdeQXVyNTI2NTY2MDI@._V1_UY268_CR10,0,182,268_AL_.jpg"
93,
94,"https://m.media-amazon.com/images/M/MV5BMTg1NmIzNTItMDg2MC00YTEwLThhZDAtZmY5NGVmOGMxZmU0XkEyXkFqcGdeQXVyNTI2NTY2MDI@._V1_UY268_CR10,0,182,268_AL_.jpg"
95,"https://m.media-amazon.com/images/M/MV5BYTNkY2UwZDMtZThhYy00Y2NkLWI4MjEtM2ZmNjkxYjAwMDQ3XkEyXkFqcGdeQXVyNTI2NTY2MDI@._V1_UY268_CR10,0,182,268_AL_.jpg"
96,"https://m.media-amazon.com/images/M/MV5BYzE1MmRiZjgtMmVmYi00MDQ2LTk2OTUtNjY5ODkyOWMzZDJkXkEyXkFqcGdeQXVyNTI2NTY2MDI@._V1_UY268_CR10,0,182,268_AL_.jpg"
97,"https://m.media-amazon.com/images/M/MV5BMDI3MWNlNDItMDU0MC00YzkzLTgyZTktYTVhM2I3MjU3NjY3XkEyXkFqcGdeQXVyNTI2NTY2MDI@._V1_UY268_CR10,0,182,268_AL_.jpg"
99,"https://m.media-amazon.com/images/M/MV5BYTc4MWM2MGQtMGQyZS00ZDZmLWEyMTEtYzU1Y2UyMDdiMWJiXkEyXkFqcGdeQXVyNTI2NTY2MDI@._V1_UY268_CR10,0,182,268_AL_.jpg"
100,"https://m.media-amazon.com/images/M/MV5BZWI3NDRiOWUtMmZmYS00ODA0LThiNTItOWIzMjAxZGMwMTI3XkEyXkFqcGdeQXVyNTI2NTY2MDI@._V1_UY268_CR10,0,182,268_AL_.jpg"
101,"https://m.media-amazon.com/images/M/MV5BYzYxNTRiNGItYzFmZC00Mjk4LWEyZTktNDY0ZTQ0ZDY0ZDc0XkEyXkFqcGdeQXVyNTI2NTY2MDI@._V1_UY268_CR10,0,182,268_AL_.jpg"
102,"https://m.media-amazon.com/images/M/MV5BOTY4NzVkNGMtODMxNS00MTAwLWE4MmMtZTU3YTRlZTFmNmU5XkEyXkFqcGdeQXVyNTI2NTY2MDI@._V1_UY268_CR10,0,182,268_AL_.jpg"
103,"https://m.media-amazon.com/images/M/MV5BNDgxYjBjY2QtYjg5Mi00MGI2LWFlZWUtNWI5MDAzOTMyOGM4XkEyXkFqcGdeQXVyNTI2NTY2MDI@._V1_UY268_CR10,0,182,268_AL_.jpg"
104,"https://m.media-amazon.com/images/M/MV5BY2Y1MGI0Y2UtODA4Yy00ZTkzLWEwMGYtMzE2MWZjMWE3MjZkXkEyXkFqcGdeQXVyNTIzOTk5ODM@._V1_UY268_CR84,0,182,268_AL_.jpg"
105,"https://m.media-amazon.com/images/M/MV5BYTg2ZmIzNjUtNDJhOS00YmY4LTkxNzEtYTA1ODNkZGE4NmQ0XkEyXkFqcGdeQXVyNTI2NTY2MDI@._V1_UY268_CR10,0,182,268_AL_.jpg"
106,"https://m.media-amazon.com/images/M/MV5BOTA0MTA3ZGUtMjEzOS00ZWI5LTg4M2YtMThlYjBiMWU5NzhlXkEyXkFqcGdeQXVyNTI2NTY2MDI@._V1_UY268_CR10,0,182,268_AL_.jpg"
107,"https://m.media-amazon.com/images/M/MV5BMzY4OTZkYmEtYWNiYy00NWU5LTk5OTItODUwMjI2ZGY5NDhjXkEyXkFqcGdeQXVyNTI2NTY2MDI@._V1_UY268_CR10,0,182,268_AL_.jpg"
108,"https://m.media-amazon.com/images/M/MV5BMDI4YmU1MjUtMGMyNi00NTM0LTliZDktYTk1YWMzNjlmMGQ3L2ltYWdlL2ltYWdlXkEyXkFqcGdeQXVyNzg5OTk2OA@@._V1_UY268_CR9,0,182,268_AL_.jpg"
110,"https://m.media-amazon.com/images/M/MV5BZGZkYTJhZmQtNTY0NC00OWI2LWIwODUtNTM2ZGQzZmE0ZjgxL2ltYWdlL2ltYWdlXkEyXkFqcGdeQXVyNDE4OTY5NzI@._V1_UY268_CR9,0,182,268_AL_.jpg"
111,"https://m.media-amazon.com/images/M/MV5BMDUyMzcxN2ItZWYxOS00ZDE0LTkwYjAtNjFiMDVmYWY1YWU5L2ltYWdlL2ltYWdlXkEyXkFqcGdeQXVyNzg5OTk2OA@@._V1_UY268_CR9,0,182,268_AL_.jpg"
112,"https://m.media-amazon.com/images/M/MV5BZTkwNzFjYjUtNDhkMi00MWU4LThlZjktY2I4ZTUxYzU0OTZhL2ltYWdlL2ltYWdlXkEyXkFqcGdeQXVyNzg5OTk2OA@@._V1_UY268_CR9,0,182,268_AL_.jpg"
